name,id,salary_from,salary_to,experience,requirement,url
Backend разработчик (senior) Python,84079746,0,550000,От 3 до 6 лет,"Опыт разработки на Python, FastAPI, опыт с Django Framework от 3-х лет. Глубокий опыт работы с высоконагруженными сервиcами на...",https://hh.ru/
Python-разработчик,83921162,0,450000,От 3 до 6 лет,От 3 лет коммерческого опыта на Python. Наличие высшего технического образования.,https://hh.ru/
Python Backend Developer,83828013,200000,300000,От 1 года до 3 лет,"Опыт от 2х лет. - Асинхронное программирование (asyncio, aiohttp). - Создание безопасных web приложений (знание уязвимостей и способов защиты). ",https://hh.ru/
Middle+ Python Developer (backend),84018264,250000,300000,От 3 до 6 лет,"Опыт в проектах на Python (3.8-3.10), Django/FastAPI. — Опыт с библиотеками Celery\Dramatiq. — Также нам важно хорошее...",https://hh.ru/
Middle Python Developer (Remote),83756799,180000,250000,От 1 года до 3 лет,Опыт коммерческой разработки Python (2.7/3) – строго от 3 лет обязательно. Опыт с Django - от 2 лет обязательно. ,https://hh.ru/
Программист Python,83439263,150000,250000,От 1 года до 3 лет,"Понимание специфики интернет-данных. Опыт коммерческой разработки на Python 3.8+ с использованием асинхронного программирования (asyncio, async, await). ",https://hh.ru/
Python Backend Developer,83828868,0,250000,От 3 до 6 лет,"Наличие опыта разработки на Python от от 3-х лет. Опыт работы с asyncio в частности (FastAPI, AIOHTTP). ",https://hh.ru/
Backend developer (python),83207201,0,230000,От 1 года до 3 лет,"Опыт работы с Python 3.x. Опыт работы с одним из асинхронных фреймворков: Aiohttp, Sanic, FastApi. Опыт работы с базами...",https://hh.ru/
Программист Python,80505531,125000,220000,От 1 года до 3 лет,Опыта разработки на Python или любом диалекте SQL. Способности чувствовать «красоту кода». Опыта командной разработки. Профильного (ИТ/инженерного) образования. ,https://hh.ru/
Программист Python,84124391,125000,213000,От 1 года до 3 лет,Знание Python или иных скриптовых языков с последующей миграцией на Python и опыт разработки от 2 лет. Хорошее знание SQL. ,https://hh.ru/
Python разработчик,84131865,100000,200000,Более 6 лет,"Знание английского, хотя бы на уровне свободного чтения тех литературы. Рабочее отношения к документации, сначала документация - только потом гугл и...",https://hh.ru/
Разработчик Python middle,83460735,120000,180000,От 1 года до 3 лет,"Умение программировать на Python (умение решать задачи уровня easy/medium на leetcode, понимание ключевых концепций параллельного программирования). Умение пользоваться git...",https://hh.ru/
Python Backend Developer (Middle/Remote),84040721,0,170000,От 1 года до 3 лет,"Хорошее знание Python 3.8, Django>=2.0, DRF. Опыт работы с реляционными базами данных (MySQL). Умение писать юнит-тесты. ",https://hh.ru/
Middle Python developer,83817615,120000,170000,От 1 года до 3 лет,"Понимание принципов построения «чистой» архитектуры приложений. Опыт разработки на Python от трех лет и владение современными фреймворками. В частности, Django...",https://hh.ru/
Full stack Программист Python (middle),84149502,100000,170000,От 1 года до 3 лет,"Высшее образование. Опыт разработки Web-проектов на Python (django). Желательно владение front-end стеком. Опыт работы с проектами Vue, Nuxt...",https://hh.ru/
Программист Python,82649420,70000,160000,От 3 до 6 лет,"Уверенное знание Python, Django, PostgreSQL, ООП. Будет плюсом: навыки работы в Linux, nginx, Vue.JS. Умение самостоятельно работать, по ТЗ и...",https://hh.ru/
Python-разработчик (Pre Middle / Middle),81744533,100000,150000,От 1 года до 3 лет,"Нужно знать, любить и уметь: Python (опыт в Django, будет плюсом опыт с flask). ООП. Контроль версий. RestAPI. ",https://hh.ru/
Python Developer,83265813,90000,150000,От 1 года до 3 лет,"Опыт коммерческой разработки на Python от 2,5 лет. Знание Python 3. Опыт работы с Django/FastAPI. Опыт работы с...",https://hh.ru/
Аналитик информационной безопасности SOC L2 Middle soc analyst L2,46547022,120000,150000,От 1 года,"Обязанности:
 
• Мониторинг и анализ событий информационной безопасности от различных источников в SIEM системе / Threat Hunting платформе;
 
• Выполнение роли выделенного клиентского аналитика 2-ой линии Центра мониторинга и реагирования на киберугрозы;
 
• Адаптация сценариев выявления инцидентов в SIEM системе / Threat Hunting платформе под особенности инфраструктур клиентов;
 
• Фильтрация ложных срабатываний сценариев выявления инцидентов в используемой SIEM системе / Threat Hunting платформе;
 
• Реагирование и оповещение заказчиков об инцидентах ИБ в соответствии с установленным SLA;
 
• Расследование типовых и нетиповых инцидентов ИБ, подготовка рекомендаций для заказчиков по инцидентам ИБ;
 
• Работа с EDR решением: написание правил, расследование инцидентов;
 
• Проведение работ по практической оценке защищённости Ит инфраструктуры;
 
• Взаимодействие с заказчиками по вопросам реагирования на инциденты ИБ;
 
• Разработка планов реагирования на инциденты ИБ (playbook-и);
 
• Участие в разработке новых сценариев выявления инцидентов в SIEM / Threat Hunting платформе;
 
• Наставничество над группой аналитиков 1-ой линии.
 
Требования:
 
• Высшее техническое образование;
 
• Знание сетевых технологий (в объеме сертификации CCNA);
 
• Знание операционных систем Windows/Linux на уровне администратора;
 
• Уверенное знание современных тактик и техник атакующих, основных векторов атак на корпоративные инфраструктуры, способов их обнаружения и противодействия;
 
• Понимание классификации современного вредоносного ПО;
 
• Опыт работы с SIEM системами (желательно ELK стэк);
 
• Опыт работы с СЗИ – IDS\WAF\NGFW\AV\EDR;
 
• Опыт анализа логов от различных систем, умение их правильно интерпретировать;
 
• Будет дополнительным преимуществом: опыт программирования на Python/Go для автоматизации рутинных задач;
 
• Будет дополнительным преимуществом: наличие профильных сертификаций (SANS, Offensive Security, eLearnSecurity, EC-Council).
 
Условия:
 
• Оформление по ТК РФ;
 
• Полная занятость;
 
• Возможность профессионального и карьерного роста;
 
• Заработная плата по результатам собеседования.",https://www.superjob.ru/
Python / Django Developer,82637224,0,140000,От 1 года до 3 лет,"Знать ООП и структур данных Python, асинхронность, gil, мультипроцессинг / мультитрединг. Уверенно работать с Django, Django REST, FastApi. Знать что такое...",https://hh.ru/
Программист Python,83028791,60000,120000,От 1 года до 3 лет,"Развитое аналитическое мышление. Способность к быстрому обучению и самостоятельной работе. Понимание SOLID, DRY и паттернов проектирования. Знания базовых структур данных...",https://hh.ru/
Python Developer,83243199,60000,120000,От 1 года до 3 лет,"Знание Python 3.9+ (базовое понимание ООП, структуры данных, потоки, процессы). Понимание принципов работы асинхронных приложений. Знание одного (нескольких...",https://hh.ru/
Программист Python,83512639,0,120000,От 1 года до 3 лет,Уверенное знание Pyton. Знание фреймворка Django. Опыт работы с MySQL. Умение работать с системами контроля версий git. Знание HTML/CSS...,https://hh.ru/
Инженер-оператор БПЛА,47013553,80000,120000,Без опыта,"Вакансия компании ООО ""ПРОМ КОМПОЗИТ""
ООО «Пром Композит» - компания, специализирующаяся на проектировании и производстве изделий из композиционных материалов горячим формованием и изготовлении оснастки, в том числе с применением метода вакуумной инфузии.
Компания является дочерним предприятием второго порядка АО «ВКО «Алмаз-Антей».
Серийная и опытная продукция ООО «Пром Композит» успешно применяется в различных областях народного хозяйства: радиоэлектронике, самолетостроении, кораблестроении, автомобилестроении и пр.
Обязанности:
- Управление, сборка, настройка БПЛА мультироторного типа.
Требования:
Базовые навыки:
- Уверенные навыки пилотирования БПЛА. В приоритете навыки и опыт работы с большими коммерческими дронами, построенными на базе ArduPilot, DJI и подобных экосистем;
- Знания общих принципов организации бортовой электроники (организация цепей питания, протоколы взаимодействия отдельных элементов системы, понимание азов электромагнитной совместимости, настройка полетного контроллера);
- Умение определять требования для отдельных компонентов БПЛА в зависимости от заданной грузоподъемности и полезной нагрузки;
- Базовые знания радиоэлектроники;
- Знание современных стандартов связи, используемых при построении БПЛА, умение грамотно расположить и настроить антенные системы на борту БПЛА и на земле;
- Способность понимать, учиться и разбираться, так как подразумевается работа с полетными контроллерами, оснащенными пользовательским программным обеспечением, находящимся в стадии отладки;
- Хорошие навыки радиомонтажа.
Плюсом будет:
- Опыт 3d-моделирования в САПР SolidWorks, Компас или иных САПР;
- Опыт 3d-печати, знание азов настройки и обслуживания 3d-принтеров;
- Навыки работы с командной строкой в Windows и Linux;
- Опыт работы с одноплатными компьютерами;
- Программирование на языках Python и C++ (работа с машинным зрением и сетевыми протоколами, разработка технологических графических интерфейсов) изделий.
Условия:
- Полный рабочий день, график работы с 9 до 18, перерыв на обед с 12 до 13;
- Работа на территории ЛЭМЗ (Лианозовский Электромеханический Завод);
- Испытательный срок - 2 месяца;
- Трудоустройство по ТК РФ.",https://www.superjob.ru/
Сетевой Инженер\Администратор сети ПД,46941423,70000,100000,От 1 года,"Обязанности: 
• Общение с клиентом, решение заявок клиентов по вопросу работы Интернет и каналов.
 
• Обеспечение своевременной диагностики и устранения неисправностей в сети.
 
• Поддержка актуальности схемы сети, настроек на сетевом оборудовании.
 
• Администрирование linux серверов.
 
• Мониторинг состояния и настройка сетевого оборудования, UPS (Cisco, D-Link, Huawei, Mikrotik, EATON, APC).
 
Требования: 
• Высшее техническое образование
 
• Уверенное знание компьютерных сетей: сети ethernet, Vlan, QinQ, L3, модели ISO/OSI (знание консоли cisco будет плюсом
 
• Уверенное знание Linux и его сервисов (Bind, Apache и так далее)
 
• Знание средств мониторинга сети и серверов на основе Linux, cacti
 
• Базовое программирование на bash, python, PHP
 
• Английский язык (технический)
 
Условия: 
• Работа в офисе, 5/2 с 8:00 до 16:30
 
• 
От 70000 рублей на руки, по результатам собеседования.
 
• Срочный договор: 3 мес. испытательный срок, далее бессрочный договор.
 
• ДМС после испытательный срока",https://www.superjob.ru/
"Back-end разработчик Python, Django",83152294,60000,90000,От 1 года до 3 лет,"Умение обучаться, задавать вопросы. Опыт разработки от 3-х лет. Опыт реальной разработки, возможность предоставить примеры кода в репозиториях. ",https://hh.ru/
Младший программист Python (отдел тестирования),80716553,0,80000,Нет опыта,"Знание ОС Linux на уровне уверенного пользователя. Опыт в разработке/сборке/отладке программ (Linux, python, владение инструментами отладки, инструментарий GNU...",https://hh.ru/
Учитель информатики,46584584,50000,70000,От 1 года,"Обязанности:
• Ведение уроков в 5-11 классе, подготовка к ОГЭ и ЕГЭ,оформление необходимой документации
Требования:
высшее профессиональное образование, опыт работы и наличие категории будет преимуществом.",https://www.superjob.ru/
"Программист Web, php, Python",46816401,50000,70000,От 1 года,"Условия:

• График работы – 5/2.
• Официальное трудоустройство.
• Возможность профессионального и карьерного роста.
Требования:

• Знание и понимание принципов работы OS Linux.
• Обязательный опыт работы с FastAPI, так как большая часть работы с ним, меньше с Django и DRF.
• Знание Python3, SQLAlchemy, Nginx, Docker, PostgreSQL, Git.
Обязанности:

• Разработка мобильных Web приложений.
• Необходимо базово настраивать VPS с Docker и Nginx.",https://www.superjob.ru/
Разработчик Python (Junior/Middle),83560177,40000,65000,От 1 года до 3 лет,Знания Python (Django). Понимание клиент-серверной архитектуры. Понимание принципов работы баз данных и SQL. Понимание микросервисной архитектуры. Знание системы управления...,https://hh.ru/
Педагог дополнительного образования,46547598,10000,50000,Без опыта,"• В школу 95 с 1 сентября 2023 года требуется педагог дополнительного образования с активной жизненной позицией.
Каким мы вас видим:
• заинтересованным в работе с детьми
• ответственным, исполнительным, целеустремленным
• с амбициями и стремлением к достижениям
Чем будете заниматься:
• проводить занятия кружка на выбор: программирование (Python, Tinkercad, Scratch), робототехника, прототипирование и т.д.
• готовить учащихся к участию к конкурсах, олимпиадах и проектах
• Что мы предлагаем:
• постоянную работу по трудовому договору с з/п до 50 тыс. руб;
• полную занятость с графиком 5/2
• стабильную официальную зп + стимулирующие выплаты;
• соцпакет
• бесплатное обучение и повышение квалификации
• Готовы рассмотреть и выпускников высших и средних учебных заведений, без опыта работы.",https://www.superjob.ru/
Программист Python (парсинг данных),83053963,0,40000,Более 6 лет,Уметь в парсинг на очень хорошем уровне (если вы обычно используете BS то скорее всего мы ищем не вас). ,https://hh.ru/
"Стажер Back-end разработчика: php, java, python, c#",82870265,15000,30000,Нет опыта,"Знание одного из языков: php, python, java, c#. Наличие учебного опыта серверной разработки. Желательно профильное высшее образование по разработке (если...",https://hh.ru/
Педагог по компьютерному программированию,32302521,25000,30000,От 1 года,"Обязанности:


• Обучение детей в области информационных технологий;
• Обучение известным языкам программирования: Python, C++ и др.
• Приветствуется знание одной/нескольких продуктов :Arduino, Scratch, Blockly, ArduBlock, 3D-моделирования- 3Dграфика и анимация (3D Studio Max, Blender, AutoCad


Требования:

Уверенное владение ПК, опыт педагогической деятельности приветствуется.
Наличие справки о несудимости.
Условия:

Оформление по ТК, 5/2, отпуск летом",https://www.superjob.ru/
Инженер/Программист микроконтроллеров (стажер),46664652,19500,24500,Без опыта,"Вы еще не знаете о нас? Тогда немного о нашей Компании…
Компания «К Телеком» работает на телекоммуникационном рынке уже 15-ый год, мы предоставляем свои услуги в более чем 120 городах Свердловской, Челябинской областях и Пермском крае. Более 150 000 абонентов пользуются нашими услугами.
Что будет входить в круг Ваших обязанностей?
• 
Проектирование электрических схем и плат устройств;
• 
Программирование устройств;
• 
Написание системы управления устройствами и их Web-интерфейсов;
Что мы ждем от кандидата?
• 
Понимание TCP/IP;
• 
Знание Python, С++;
• 
Желание работать и зарабатывать, расти и развиваться!
Почему именно МЫ?
Работая в нашей компании, Вы получаете:
• Официальное трудоустройство согласно ТК РФ;
• Стабильный доход (окладно-премиальная система) все выплаты официальные;
• Гибкий график работы, позволяющий совмещать работу и обучение, с перспективой перехода на полный рабочий день;
• Надбавки за стаж от 1 года;
• Работа в молодой, дружной, амбициозной, динамично развивающейся компании;
• Внутрикорпоративное обучение + возможность внешнего обучения;
• Перспективы профессионального и карьерного роста;
• Возможность реализации своих идей.
Мы заботимся о наших сотрудниках, предоставляя:
• Выплату материальной помощи по случаю рождения детей;
• Новогодние подарки детям сотрудников на Новый год;
• Корпоративные и спортивные мероприятия, сплавы;
• Оплату предварительных и периодических медицинских осмотров;
• Частичную компенсацию питания;
• Корпоративный фитнес.
Где Вы будете работать?
В современном комфортабельном офисе в Пионерском районе (ост. ""Современник"")
Мы создали уютный современный офис, комфортное рабочее место, лаунж-зону, кофе-бар, обеденную зону.
Также на территории офиса имеется бесплатная охраняемая парковка.
Покоряй новые вершины в Компании К Телеком!
Открывай новые возможности и развивайся в успешной команде!",https://www.superjob.ru/
Стажер (Автотестирование / Python),83924361,0,20000,Нет опыта,"Знание Python уровня Junior. Базовые умения работы с системой управления версиями git, пакетным менеджером pip. Знание и умение работать с...",https://hh.ru/
Data Scientist (Python),82644423,0,0,От 1 года до 3 лет,"Базовые знания Python: кандидат должен быть знаком с основными конструкциями языка, структурами данных и уметь писать чистый и эффективный код. ",https://hh.ru/
Python-разработчик,83287956,0,0,От 1 года до 3 лет,"Python. MongoDB. MySQL. Flask. Django. FastAPI. Фреймворки для виртуализации и контейнеризации (Docker, kubernetes). Redis. Git/опыт развертывания CI/CD пайплайнов. ",https://hh.ru/
Программист-разработчик Python,83988491,0,0,От 1 года до 3 лет,"Python3+ от 2-х лет. Понимание принципов ООП, паттернов проектирования, SOLID. Опыт разработки под Windows. Понимание межсетевого взаимодействия...",https://hh.ru/
Разработчик на Python / Python Developer,83709872,0,0,От 1 года до 3 лет,Опыт профессиональной командной разработки проектов на Python от 2 лет. Опыт работы с Git. Уверенные знания ОС на базе Linux...,https://hh.ru/
Python-разработчик,84051060,0,0,От 3 до 6 лет,"Уверенное знание GIT, системы управления проектами. Знание Python 3.6+, Django, HTML, CSS, JavaScript, jQuery, Sql. Знание принципов работы...",https://hh.ru/
Python developer (Platform team),83996084,0,0,От 3 до 6 лет,Релевантный опыт от 4 лет на коммерческих проектах. Хорошие знания и опыт работы с Django. Опыт работы с реляционными базами...,https://hh.ru/
Python-разработчик (Django),82704622,50000,0,От 1 года до 3 лет,"Необходимый уровень Junior++/Middle, полная самостоятельность. Релевантный опыт от года. Основные технологии: Django, Django REST framework, PostgreSQL, Docker, Nginx, GIT. ",https://hh.ru/
Аналитик данных (Python),83091712,70000,0,От 1 года до 3 лет,Опыт работы с базами SQL. Опыт построения отчетов в PoweBI.,https://hh.ru/
Backend Python Developer,83297305,100000,0,От 1 года до 3 лет,Опыт разработки на Python от 2 лет. - Опыт работы в ИТ компании от 2 лет. - Опыт работы с Django от...,https://hh.ru/
Разработчик Python,83627947,50000,0,От 1 года до 3 лет,"Уверенное владение Python 2. Понимание XML, json. Умение разбираться в коде. Хорошее знание SQL. Git. Ответственность. Стремление развиваться. Будет плюсом:",https://hh.ru/
Разработчик Python Junior,82988392,0,0,От 1 года до 3 лет,"Уверенное знание python3. Базовые навыки администрирования linux. Опыт работы с одним или нескольким python web framework: Django, flask, FastAPI...",https://hh.ru/
Junior Python Developer,83385826,0,0,От 1 года до 3 лет,"Законченное техническое высшее образование в сфере IT, Сomputer Science или смежных областях (студентов 3-4 курсов рассматриваем также). ",https://hh.ru/
Python разработчик,84109496,0,0,От 3 до 6 лет,"Уверенные знания Python и основных библиотек. Понимание методов математической оптимизации. Знания основ Data Science, опыт обработки данных на Python и...",https://hh.ru/
Remote Python Developer,82791380,0,0,От 1 года до 3 лет,Опыт работы с Python и Django от 2 лет (Python 3 приветствуется). Знание баз данных SQL и NoSQL. ,https://hh.ru/
Программист Python,84174181,150000,0,От 3 до 6 лет,"Будем работать плечо к плечу, спина к спине над крутым продуктом. Минимум назойливых менеджеров и митингов, максимум инженерной работы! ",https://hh.ru/
Разработчик Python,84078072,150000,0,От 3 до 6 лет,"Знание технологий и языков программирования: Python, SQL, JavaScript (желательно, но можно освоить в процессе). Умение работать с системой контроля версий...",https://hh.ru/
Python Developer,83540822,0,0,От 1 года до 3 лет,Хорошее знание Python3. От 1 года опыта коммерческой разработки. Опыт работы с Linux и embedded системами. Опыт отладки и...,https://hh.ru/
Python middle,83800034,0,0,От 3 до 6 лет,"Важно понимание принципов ООП (объектно-ориентированного программирования) в Python. - Django фреймворк, знать его основные компоненты, такие как модели, представления (views...",https://hh.ru/
Python разработчик,83166142,250000,0,От 1 года до 3 лет,"Опыт работы с Python от 1,5 лет. Опыт работы с любым фреймворком для веб-приложений. Уверенный пользователь Linux, Docker. ",https://hh.ru/
Python-разработчик,83621909,0,0,От 1 года до 3 лет,"Владение Python3 на высоком уровне, достаточном для промышленного программирования (высоконагруженные асинхронные, много[поточные/процессные] приложения). Владение на минимальном уровне...",https://hh.ru/
Разработчик (Backend developer / Python),82847342,100000,0,От 1 года до 3 лет,"Высшее техническое образование (или выпускной курс). Опыт работы от 1,5 лет и знание: PostgreSQL, MongoDB, REST API, GraphQL, Git. ",https://hh.ru/
Python Developer,83540920,0,0,От 1 года до 3 лет,Хорошее знание Python3. От 1 года опыта коммерческой разработки. Опыт работы с Linux и embedded системами. Опыт отладки и...,https://hh.ru/
Middle Python Developer,83781440,0,0,От 1 года до 3 лет,Опыта коммерческой разработки на Python 3 от 2х лет и написания масштабируемого и понятного REST API. Опыта работы с...,https://hh.ru/
Разработчик Python,83362882,0,0,От 1 года до 3 лет,"Понимание микросервисных асинхронных и реактивных взаимодействий, разных подходов к координации сервисов, их децентрализации и масштабированию. Хорошее понимание ООП, применение паттернов...",https://hh.ru/
Python-разработчик,82901087,0,0,От 1 года до 3 лет,"Уверенно программируете на Python 2.7, 3.6+. Имеете базовые знания Linux, Git, Jira. Знаете, как устроена работа веб...",https://hh.ru/
Python-разработчик (middle / senior),83943793,0,0,От 1 года до 3 лет,"Высшее образование (желательно в области информационных технологий). Опыт коммерческой разработки не менее 3-х, а на языке Python не менее...",https://hh.ru/
Middle Python Developer,84148906,0,0,От 1 года до 3 лет,"Опыт работы с системами, где применяется машинное обучение для решение клиентских задач. Навыки инженера разработчика на python. Приветствуются знания Go...",https://hh.ru/
Программист Python,83684261,200000,0,От 1 года до 3 лет,"Знание и опыт Computer Vision. — Хорошая математическая подготовка. — Опыт разработки алгоритмов машинного обучения с использованием библиотек TensorFlow, Theano, Caffe и...",https://hh.ru/
Backend Python Developer (Django),83458412,160000,0,От 1 года до 3 лет,"Опыт работы с Postgres.SQL. Знание способов оптимизации запросов через ORM. Опыт работы с celery, redis. Знание английского языка на уровне...",https://hh.ru/
Математик-программист (Python),83080821,0,0,От 3 до 6 лет,Вы имели опыт разработки задач линейного и целочисленного программирования в коммерчески успешных проектах. Понимали ограничения подхода линейной и целочисленной оптимизации. ,https://hh.ru/
Программист Python (Junior+/Middle),82987200,0,0,От 1 года до 3 лет,"Хорошая алгоритмическая подготовка. Техническое образование или эквивалентный практический опыт. Знание Python 3.5+, опыт практического применения от года. ",https://hh.ru/
Backend-разработчик Python/Django,83752469,130000,0,От 3 до 6 лет,"Знания, навыки и опыт Python/Django, Git. Умение быстро погружаться в задачи и эффективно их решать. Опыт с graphQL желателен...",https://hh.ru/
Python WMS Developer,83965854,0,0,От 3 до 6 лет,"Linux-разработка, умение эффективно работать в среде Linux. Опыт работы разработчиком более 5 лет. Опыт декомпозиции и оценки времени выполнения...",https://hh.ru/
"Программист-разработчик(Python, JS)",82644933,0,0,От 1 года до 3 лет,"Опыт работы с реляционными/nosql БД, базовое понимание работы с ними. Понимание общих принципов работы веб-приложений. Опыт работы с...",https://hh.ru/
Ведущий программист Python,83095226,2000,0,От 1 года до 3 лет,"Опыт коммерческой разработки от 2 лет. Знания по ООП (SOLID, паттерны проектирования). Протоколы TCP/IP/HTTP. Английский язык на уровне...",https://hh.ru/
Python Developer,80885148,0,0,От 1 года до 3 лет,"От Вас: Опыт разработки на Python от 2 лет. Опыт работы с веб-фреймворками (Django, Flask, aiohttp), создания API (REST...",https://hh.ru/
Разработчик Python (django),83393854,0,0,От 1 года до 3 лет,Понимание принципов SOLID. Опыт работы с git и взаимодействия с удаленными репозиториями хранения кода. Опыт работы: 2+ лет в...,https://hh.ru/
Python / ML Engineer,83826174,0,0,От 1 года до 3 лет,Создание рекомендательных систем DL.,https://hh.ru/
Программист Python,83589408,400000,0,Более 6 лет,"Опыт работы с Python 3.8, asyncio (async/await), веб-фреймворками (aiohttp/fastAPI/flask/Django), Aiogram (фреймворк для разработки телеграм...",https://hh.ru/
Python-разработчик в «Госуслуги.Культура»,80916871,0,0,От 3 до 6 лет,"Коммерческий опыт разработки веб-сервисов на Python от 2х лет. Понимание принципов построения отказоустойчивых систем. Будет идеально, если имеется...",https://hh.ru/
Разработчик back-end (python),81504601,0,0,От 1 года до 3 лет,"Отличное знание Python, Django. Понимание принципов ООП, SOLID, паттернов проектирования. Опыт работы с базами данных.",https://hh.ru/
Программист Python,83967739,0,0,От 3 до 6 лет,"Опыт промышленной разработки на Python от 2-х лет (уровень не ниже middle). * Знание/опыт работы с git, docker. * ",https://hh.ru/
Python developer (проект NtechMed),83033070,0,0,От 1 года до 3 лет,"Опыт работы с Python3 от 2-х лет. Знание ООП, алгоритмов и структур данных. Хорошее знание PostgreSQL (+ SQLAlchemy). ",https://hh.ru/
Python Middle+/Senior Developer (FastAPI),83530986,0,0,От 1 года до 3 лет,"Опыт работы с Python от 3х лет. Понимание DjangoORM и миграций. Опыт разработки API, работы с очередями и базами...",https://hh.ru/
Python developer (middle),82613352,0,0,От 3 до 6 лет,Опыт работы от 3 лет. Опыт работы с fastApi или другими async-фреймворками. Опыт работы с postgres. Опыт написания unit...,https://hh.ru/
Backend-разработчик на Python в офисе,83134113,75000,0,От 1 года до 3 лет,Хорошее владение языком программирования Python (синтаксис и стандартная библиотека). Понимание основных шаблонов проектирования приложений и шаблонов интеграции. Опыт разработки с...,https://hh.ru/
Разработчик Python(RuPost),43558725,0,0,От 1 года до 3 лет,"Отличное знание Python, Flask. Знание и опыт работы с HTTP/HTTPS. Опыт работы с JSON, XML. Для фокуса на web...",https://hh.ru/
Python Developer (Cars),84016023,0,0,От 3 до 6 лет,"Пишешь на Python больше 2-х лет. Работаешь с FastAPI, Django от 2-х лет. Знаешь SQL базово. ",https://hh.ru/
Python разработчик,83449672,0,0,От 1 года до 3 лет,Высшее техническое образование. Опыт работы с реляционными БД и знание языка SQL. Опыт программирования на Python от 2х лет. ,https://hh.ru/
Python Developer,82847795,0,0,От 1 года до 3 лет,"Python 3.6+. Flask. Знание реляционных БД: SQLite / PostgreSQL. Опыт работы с ORM SQLalchemy, миграции Alembic. Опыт работы с...",https://hh.ru/
Разработчик Python,84078070,150000,0,От 3 до 6 лет,"Знание технологий и языков программирования: Python, SQL, JavaScript (желательно, но можно освоить в процессе). Умение работать с системой контроля версий...",https://hh.ru/
Python developer,84159128,0,0,От 3 до 6 лет,Уверенные знания Python от 2х лет. Умение составлять сложные SQL-запросы. Навыки работы в Linux|Unix системах. ,https://hh.ru/
Разработчик Python (PostgreSQL),83226812,0,0,От 1 года до 3 лет,Обязательно. Опыт программирования Python. Понимание REST. Понимание процессов CI/CD. Знание и опыт SQL (желательно в PostgreSQL). Знание Linux на...,https://hh.ru/
Разработчик Python,84125839,0,0,От 3 до 6 лет,Опыт разработки на Pyhton (3.6+) для ОС семейства Linux от 2 лет. Знания Linux на уровне опытного пользователя. ,https://hh.ru/
Python разработчик,83290711,0,0,От 1 года до 3 лет,"Опыт коммерческой разработки на Python от 3 лет. Знание одного из веб-фреймворков: aiohttp; fastapi, tornado, понимание ORM. ",https://hh.ru/
"Помощник программиста на python/php и zero-code платформ (make, airtable, botmother)",83361549,50000,0,От 1 года до 3 лет,"Уметь эффективно гуглить и общаться с chatgpt, чтобы решить поставленную задачу. Умение работать с git будет плюсом.",https://hh.ru/
Python Developer,83839694,0,0,Более 6 лет,"5+ - ваш общий опыт в коммерческой разработке. 2+ опыта в руководстве/менторинге. Работали с Django 3+, Redis...",https://hh.ru/
Разработчик Python,84126302,0,0,От 3 до 6 лет,Опыт разработки на Pyhton (3.6+) для ОС семейства Linux от 2 лет. Знания Linux на уровне опытного пользователя. ,https://hh.ru/
"Аналитик SQL,Python",83136580,0,0,От 1 года до 3 лет,Владение методологией и знание процедуры (SQL) расчета показателей Качества Данных. Аудит процессов и данных в рамках заявленных бизнес-проблем (в...,https://hh.ru/
Программист Python,77005951,0,0,От 1 года до 3 лет,"Уверенное владение Python 3.8+, asyncio (async/await). Умение и желание писать качественный, читабельный, поддерживаемый и документированный код. ",https://hh.ru/
Python-разработчик,81723177,0,0,От 1 года до 3 лет,"Знание построения архитектуры ПО, паттернов и принципов написания и тестирования кода. Уверенные знания асинхронного python3 и основной экосистемы. ",https://hh.ru/
Разработчик Python,83703081,0,0,От 1 года до 3 лет,"Python 2/3 на хорошем уровне, C/C++/Java базовые знания или C/C++/Java на хорошем уровне Pyton 2...",https://hh.ru/
RPA разработчик на Python,84071086,0,0,От 3 до 6 лет,Хорошее знание Python. Опыт работы в роли разработчика ПО или разработчика автотестов на Python от 3 лет. Опыт написания Unit...,https://hh.ru/
Python developer,83786580,0,0,От 1 года до 3 лет,Опыт промышленной разработки от 1 года. Знание классических структур данных и алгоритмов. Опыт разработки клиент-серверных приложений. Знание основных паттернов...,https://hh.ru/
Python developer,83690808,0,0,От 1 года до 3 лет,"Понимание принципов ООП, паттернов/шаблонов проектирования. Опыт работы с любой реляционной СУБД. Знание механизмов межсервисного взаимодействия (HTTP, REST API, Брокеры...",https://hh.ru/
Python разработчик,82975815,0,0,От 1 года до 3 лет,Опыт разработки на Python. Python 3.10+. Базовое знание git. Понимание принципов асинхронного и параллельного выполнение кода. ,https://hh.ru/
Разработчик Python/ETL,83836011,0,0,От 1 года до 3 лет,Какие знания и навыки для нас важны: Опыт разработки приложений по работе с данными на Python от двух лет. ,https://hh.ru/
Специалист службы поддержки с техническими знаниями (TOOLS),39820062,15000,0,Не имеет значения,"TOOLS — это команда поддержки внутренних сервисов Яндекса. Они помогают нашим сотрудникам разбираться, как пользоваться рабочими инструментами, если что-то непонятно. У специалиста служба поддержки в TOOLS будет возможность попасть в закулисье Яндекса. Предстоит помогать столкнувшимся с трудностями сотрудникам или находить того, кто сможет на сложный вопрос ответить лучше всех. Ищем и очень ждем в команду человека с техническими знаниями, пониманием мира кода и онлайна. Если умеете находить контакт с любыми, даже самыми загадочными людьми, и можете прочитать чужие мысли, присоединяйтесь — станьте нашим супергероем.
Что нужно делать:
· отвечать на сообщения пользователей по почте и в чатах;
· консультировать их о вопросах, связанных с Яндексом;
· передавать информацию разработчикам и менеджерам, помогая улучшать сервисы;
· иногда решать новые интересные задачи — ведь мы постоянно растем и меняемся.
Мы ждем, что вы:
· грамотно пишете по-русски;
· умеете четко и структурированно излагать мысли;
· легко находите главную информацию в текстах разного объема;
· умеете читать языки JavaScript, HTML и Python;
· имеете высшее или неоконченное высшее образование (техническое будет плюсом);
· помогали людям онлайн;
· умеете работать самостоятельно и в команде;
· готовы к гибкому графику;
· ответственны, стрессоустойчивы, самоорганизованны;
· умеете работать с большим объемом информации;
· готовы учиться;
· не устаете от однообразных задач.
Условия:
· работа из дома;
· оформление совместительства;
· частичная занятость: 20 рабочих часов в неделю;
· гибкий график: 5-дневная рабочая неделя, 4 рабочих часа в день, плавающие выходные, начало смен обсуждается индивидуально;
· сдельная оплата;
· удаленное оплачиваемое обучение.
 Доступно соискателям с инвалидностью",https://www.superjob.ru/
Аналитик данных (Управление Сквозные бизнес-компоненты),46781769,0,0,От 3 лет,"Обязанности:
 
• создавать, развивать и поддерживать регулярную отчетности для топ-менеджмента;
 
• создавать Ad-hoc аналитические отчеты для проверки продуктовых гипотез по запросу руководства;
 
• генерировать и проверять статистические гипотезы;
 
• определять ключевые метрики по новым фичам, прогнозировать как они увеличатся после запуска фичи и следить за их выполнением;
 
• создавать системы аналитических бордов по клиентским и продуктовым метрикам в BI системах.
 
Требования:
 
• знание Teradata, Hadoop, DBeaver, Bigquery, Python, PyCharm, JupyterHub, Yandex Metrica, AppMetrica, PowerBI, QlickSense;
 
• знание SQL (сложные запросы, оконные функции);
 
• знание python (библиотеки для аналитиков, pyspark);
 
• опыт построения бордов(powerbi, qlick sense);
 
• опыт работы в Yandex Metrica и AppMetrica;
 
• знание основных продуктовых метрик и как их считать;
 
• будет плюсом умение строить модели ML.
 
Условия:
 
• трудоустройство согласно Законодательству;
 
• конкурентная заработная плата;
 
• профессиональное обучение и развитие;
 
• добровольное медицинское страхование, льготные условия кредитования;
 
• корпоративная пенсионная программа, материальная помощь;
 
• спортивная жизнь и корпоративные мероприятия;
 
• возможность построить карьеру в ведущем банке России.",https://www.superjob.ru/
Full stack python developer,46891033,200000,0,От 1 года,"ФГБУ ""НМИЦ онкологии им. Н.Н. Петрова"" Минздрава России является одним из ведущих учреждений специализирующихся на оказание медицинской помощи по профилю ""онкология"". Учреждение имеет обширную базу исследований: лучевых методов диагностики, морфологии, а также большое количество медицинских данных пациентов с онкологическими заболеваниями. В настоящее время организация ищет Full Stack разработчика на Python для работы с алгоритмами машинного обучения и искусственного интеллекта
 Должностные обязанности:
 * Разработка веб-интерфейса для разметки данных
 * Консультирование / участие в автоматизации источников данных для ML моделей совместно с ML Engineer/Data Engineer 
Требования:
 - Высшее техническое образование в сфере компьютерных наук, прикладной математики или статистики (желательно)
- 2+ года опыта с React.js и Python.
- Знание фреймворков Django, Flask или Streamlit (желательно)
- Контейнеризация: Docker, OpenShift;
- Опыт с базами данных: MongoDB, PostgreSQL
- Инструменты DevOps (MLOps): Git, Jira, Bitbucket, Nexus, Jenkins
- Технический английский статьи, документация
- Понимание жизненного цикла моделей (CRISP-DM) (желательно)
- Знание основных алгоритмов и методов машинного обучение и анализа данных: линейные модели, ансамблевые методы, анализ и прогнозирование временных рядов (задачи классического Машинного Обучения) (желательно)
- Знание фреймворков, библиотек машинного обучения: Scikit-learn, XGBoost, CatBoost, TensorFlow, Pytorch, Hugging Face transformers (желательно) 
Условия:
* Трудоустройство в соответствии с ТК РФ
* Белая зарплата
* Возможность разрабатывать продукты востребованные для системы здравоохранения, которые позволяют повысить качество оказания медицинской помощи по профилю ""онкология""
* Возможность участвовать с презентацией проектов на профильных конференциях",https://www.superjob.ru/
Руководитель направления в Центр резервирования и планирования,47009395,0,0,От 1 года,"Обязанности: 
• 
Формирование и автоматизация регулярной риск-отчетности по портфелю корпоративного и инвестиционного бизнеса;
 
 
• 
Расчет риск-показателей, аналитика портфеля;
 
 
• 
Разработка дэшбордов с использованием средств MS Power BI;
 
 
• 
Формирование бизнес-требований на реализацию витрин / дэшбордов.
 
 
Требования: 
• 
Опыт работы от 1 до 3 лет в Банках / финансовых организациях (направления: риски / портфельный анализ / автоматизация отчетности);
 
 
• 
Высшее образование (финансы и кредит);
 
 
• 
Уверенное знание SQL, MS Excel, Python (желательно);
 
 
• 
Опыт самостоятельной разработки дэшбордов на MS Power BI (желательно);
 
 
• 
Глубокие аналитические навыки.
 
 
Мы предлагаем Вам: 
• 
Стать частью крупного, динамично развивающегося банка;
 
 
• 
Работу в команде единомышленников, неравнодушных к передовым технологиям и практикам;
 
 
• 
Неограниченные возможности для совершенствования Ваших навыков и знаний, обучаясь у лучших и решая сверхамбициозные задачи;
 
 
• 
Позитивную рабочую атмосферу, дружный коллектив;
 
 
• 
Удобное расположение офисов;
 
 
• 
Достойную и конкурентную заработную плату, квартальные и годовые премии, размер которых зависит от результатов Вашей работы;
 
 
• 
Разнообразный социальный пакет: ДМС, страхование жизни, страхование для выезжающих за границу, льготные условия приобретения банковских продуктов, скидки в фитнес-клубах и в компаниях-партнерах.",https://www.superjob.ru/
"Преподаватель программирования, веб-разработки",38561557,35000,0,Без опыта,"Обязанности:
• Реализация ряда дисциплин, связанных с использованием информационных технологий в образовании для студентов направления подготовки Информационные системы и программирование (Квалификации Программист и Разработчик мультиседийных и веб приложений 
• Знакомство студентов с основами программирования на CИ++, разработка управляемых приложений на платформе «1С:Предприятие», использования различных программных решений, создания веб-приложений и т.д.


• ЕСЛИ У ВАС НЕТ ПЕДАГОГИЧЕСКОГО ОБРАЗОВАНИЯ,НО ЕСТЬ ЖЕЛАНИЕ ДЕЛИТЬСЯ ОПЫТОМ И ЗНАНИЯМИ СО СТУДЕНТАМИ, КОТОРЫЕ ПЛАНИРУЮТ СВЯЗАТЬ СВОЮ ЖИЗНЬ С IТ, МЫ ОРГАНИЗУЕМ ДЛЯ ВАС ПРОФЕССИОНАЛЬНУЮ ПЕРЕПОДГОТОВКУ.

Знать:

 
• Языки программирования: C/C#/C++, Python, Java, JavaScript, Assembler и др.
• Web-разработка: HTML, CSS, PHP, JavaScript;
• Разработка компьютерных игр: Unity;
• Разработка бизнес приложений на платформе «1С:Предприятие»;
• Робототехника;
• Компьютерное железо;
• Администрирование Windows, Linux;
• Микроконтроллеры: Arduino, ESP32, STM32 и др.;
• Системное администрирование Windows или Linux;
• Компьютерные сети.
Условия:
• Работа в Аудиториях обустроенных современным оборудованием (i5/i7 последних поколений, 16/32 gb RAM, GTX1650/RTX2070Super) 
• Оформление согласно ТК РФ",https://www.superjob.ru/
DevOps Team Lead,42890350,0,0,От 3 лет,"КуулКлевер Лаб – цифровая команда КуулКлевер, развивающая собственные ITпроекты. Пока на производствах КуулКлевер готовят натуральные продукты, мы создаём продукты в IT и строим своеобразный мост между гостями и компанией, чтобы покупатели легко могли купить продукты онлайн и офлайн, а КуулКлевер — приготовить и доставить.
Команда ИТ состоит из 51 разработчика + support + QA + DevOps engineer.
Сейчас ищем в команду DevOps Team Lead.
Основные задачи:
• Поддержка, внедрение и улучшение CI/CD процессов
• Сопровождение сервисов от разработки до эксплуатации, участие в эксплуатации
• Развертывание, мониторинг и отладка dev/stage/prod сред
• Администрирование *nix платформ (Centos, Ubuntu)
• Внедрение и поддержка devops процессов/инструментов
• Поиск и устранение неисправностей, узких мест в работе инфраструктурной части проектов
• Работа с Docker и Kubernetes
• Администрирование (установка, настройка, репликация, кластеризация) СУБД
• Разработка скриптов для автоматизации задач эксплуатации
Необходимые опыт и знания:
• Опыт построения реальных нагруженных отказоустойчивых публичных сервисов с помощью Docker и Kubernetes
• Опыт построения и оптимизации CI/CD-цепочек
• Знания и опыт работы с DevOps инструментами (Gitlab, Ansible)
• Знания и опыт разработки скриптов (python/bash/perl и др.) для автоматизации широкого спектра задач
• Знания и опыт работы с Grafana, Zabbix, Prometheus и др. средствами мониторинга и отслеживания событий/метрик, дашбордов
• Понимание механизма работы сетей, протоколов маршрутизации, VPN, firewall, DNS, DHCP и пр.
• Опыт работы с системами контроля версий (Git)
• Опыт руководства командой
• Самостоятельность в решении поставленной задачи
• Ответственность за результат
• Умение быстро ориентироваться при поиске проблем
Необязательно, но будет плюсом:
• Опыт программирования PHP/NodeJS
• Опыт программирования SQL
Мы предлагаем:
• Работа в аккредитованной ИТ-компании
• Варианты формата работы: гибрид либо в офисе
• Офис расположен в бизнес-парке Бугров, бесплатная парковка
• Официальное оформление: полностью «белая» з/п; все социальные гарантии
• Персональное предложение по заработной плате, соответствующее опыту и ожиданиям кандидата
• Мы заинтересованы в том, чтобы сотрудники развивались, поэтому компания может компенсировать обучение сотрудников и участие в конференциях",https://www.superjob.ru/
Программист,45594068,60000,0,От 1 года,"Обязанности:
• Реализация алгоритмов и структур данных для решения задач
• организации. Разработка веб-сервисов, системных утилит, систем
• автоматизации. Осуществление технической поддержки сотрудников. 
Требования:
• Высшее техническое образование. Уверенное знание и опыт
• разработки на Python 3, JS, PostgreSQL. Опыт работы с Linux на уровне
• администратора. 
• Знание современных информационных и сетевых технологий.
• Готовность работать в режиме многозадачности. 
Условия:
• 40-часовая р/неделя, 8-часовой р/день, с 8.00 до 17.00, выходной - суббота, воскресенье
• Удалённая работа не рассматривается",https://www.superjob.ru/
Аналитик,45733204,150000,0,От 3 лет,"Перечень задач:
• Организация доступности информации для оперативного/тактического/стратегического управления. Проектирование и разработка витрин данных
• Разработка аналитической отчетности.
• Разработка дашбордов для оперативного и стратегического управления.
Управленческие компетенции:
• Желательно:
• Опыт управление проектом/ управление продуктом в областях:
• Управленческая отчетность
• Учетные системы
• Витрины данных
• BI системы
Технические компетенции:
• BI инструменты и инструменты подготовки данных
• Python/Jupiter Notebook
• Apache Airflow
• Google Sheet + Apps Script
• Excel
• Системы для управления связками между сервисами (например N8N)
• Базы данных
• Математика на здоровом уровне
• Эстетический вкус в визуализация и презентации данных
• Способность задавать вопросы, структурировать и систематизировать.
Условия:

• График работы с понедельника - по пятницу, с 8:00 - 17:00 (09:00 до 18:00)
• Соблюдение трудового законодательства (официальное оформление с первого рабочего дня, ""белая"" заработная плата, оплачиваемые отпуска и больничные);
• Стабильный рост заработной платы.
• Корпоративные подарки от Компании на рождение ребенка, на 23 февраля. Новогодние подарки детям сотрудников.
• Корпоративные скидки на нашу продукцию.",https://www.superjob.ru/
Data Scientist,46185192,0,0,От 1 года,"Обязанности:
• Использовать алгоритмы машинного обучения для решения бизнес-задач 
• Исследовать данные с целью получения новых признаков 
• Разрабатывать требования для сбора данных, дизайн A/B тестов 
• Заниматься написанием эффективного кода для получения агрегатов данных 
• Развивать инфраструктуру для автоматического построения и использования моделей машинного обучения 
Требования:
• Высшее техническое образование 
• Уверенное знание SQL и готовность писать эффективные запросы
• Уверенное владение Python (библиотеки работы с данными)
• Опыт использования и внедрения алгоритмов машинного обучения
• Знание базовых алгоритмов и структур данных, понимание плюсов и минусов 
• Уверенное знание математической статистики, умение применять для решения задач 
• Технический английский на уровне чтения статей и участия в конференциях 
Условия:
• формат работы;
• График работы: 5/2; 8.00-17.00, 9.00-18.00 или 10.00-19.00 (на выбор);
• Полугодовой бонус;
• ДМС - после испытательного срока;
• Дисконтная карта на продукцию 30% магазинов сети + корпоративные скидки и специальные условия от партнеров;
• Обучение - доступно внутреннее и внешнее обучение, проводим внутренние митапы, техтолки, посещаем профильные конференции;
• Некоторые бонусы предоставляются по принципу ""кафетерия"". Расскажем об этом подробнее при первом контакте.",https://www.superjob.ru/
Data engineer,47011454,0,0,От 3 лет,"SuperJob.ru — крупнейший российский интернет-сервис для поиска работы и сотрудников. Мы помогаем миллионам пользователей найти работу. 
Ежемесячно нашим сервисом пользуются миллионы соискателей и десятки тысяч работодателей, среди которых РЖД, Мегафон, МТС, Леруа Мерлен, Почта России, Сбербанк, Альфа-Банк, Ригла и многие другие. Мы активно развиваем нашу платформу и делаем ее лучше, подтверждая миссию «Работа должна доставлять удовольствие!» 

Наша цель — создать лучший продукт для каждого из наших пользователей. В этом нам помогает система, которая собирает данные из внутренних и внешних источников, а также из наших мобильных приложений. Ежедневно мы собираем и обрабатываем десятки миллионов событий от более чем миллиона пользователей, и это количество растет очень быстро.
В своей работе мы используем аналитическую базу данных ClickHouse, систему визуализации на базе Superset\Metabase и множество других инструментов для работы с Big Data. В команду ищем человека, который поможет нам развивать эту систему.
Чем придётся заниматься:
• Работать с DWH, проектировать схемы для хранения данных.
• Загружать данные из различных источников (как внутренних БД, так и внешних аналитических/маркетинговых платформ и т.д.) в DWH.
• Разрабатывать, поддерживать и оптимизировать витрины данных.
• Участвовать в организации CI/CD и мониторинга процессов обработки данных.
• Искать ошибки и аномалии в данных, управлять качеством данных, автоматизировать проверку качества данных.
Что ждём от вас:
• Уверенное знание SQL (аналитические функции, CTE, оптимизация запросов под Clickhouse и организация хранения данных в Clickhouse).
• Хорошее знание Python (основные типы данных, основы ООП, основы алгоритмизации и взаимодействия с API).
• Неудержимое желание обучаться и прокачиваться с нашей всевозможной поддержкой.
Будет плюсом опыт работы с:
• Большими объёмами данных.
• ClickHouse cluster.
• Linux, Docker, Jenkins/Airflow/Dagster.
• CDC в Clickhouse через Kafka+Debezium.
• Flask, SqlAlchemy.
Своему будущему коллеге мы предлагаем:
• Работу в одном из самых быстрорастущих рынков - HRTech.
• Высокую инженерную культуру.
• Непрерывное обучение и профессиональное развитие внутри компании.

• Возможность стать частью сплоченной команды, любящей свое дело.

• Регулярную обратную связь от наставников и руководителей.

• Официальную заработную плату.

• ДМС после прохождения испытательного срока.

• Современный офис в 10 минутах пешей прогулки от станций метро Пушкинская/Маяковская/Чеховская/Новослободская. 3D-тур: public.superjob.ru/3dtour/ 
• Спортивный уголок.
• Комфортную зону отдыха.
• Кофе-поинты с вкуснейшим кофе и вендинговым аппаратом.
• Оборудованное просторное место для питания.
• Оплату проезда общественным транспортом.",https://www.superjob.ru/
Преподаватель спецдисциплин (информационные системы и программирование),45443355,85000,0,От 3 лет,"Обязанности:
• 
Проведение занятий по учебным предметам, курсам, дисциплинам (модулям) образовательной программы в соответствии с расписанием учебных занятий. Разработка и обновление рабочих программ учебных предметов, курсов, дисциплин (модулей) и т.д. Планирование, в соответствии с локальными актами колледжа, занятий по учебным предметам, курсам, дисциплинам (модулям) программ. Ведение документации. Выполнение должностных обязанностей в соответствии с требованиями безопасности.
 
 Преподавание по специальности 09.02.07 Информационные системы и программирование следующих дисциплин Преподавание следующих дисциплин:
 
ОП.04 Основы алгоритмизации и программирования
 
МДК.05.01 Проектирование и дизайн информационных систем
 
МДК.01.01 Разработка программных модулей
 
МДК.01.02 Поддержка и тестирование программных модулей
 
МДК.01.03 Разработка мобильных приложений 
 
МДК.02.01 Технология разработки программного обеспечения 
 
 Классное руководство

Требования:
• 
Владение математическим аппаратом, алгеброй логики.
• 
 Знание/понимание алгоритмов и языков программирования (C#, C++, JS, PHP, Python — уровень выше среднего).
• Знание методов программирования (процедурный и ООП) 
Условия:
• Опыт преподавательской деятельности",https://www.superjob.ru/
Инженер сопровождения программного обеспечения,46883126,90000,0,От 3 лет,"Обязанности:
• Участие в новых проектах компании
• Взаимодействие с разработчиками программного обеспечения по задачам, требующим доработки или исправления ПО
• Проведение экспертиз для поисков решений, направленных на устранение потенциальных проблем в программном обеспечении
• Поддержка установленных систем
• Проведение тестирования программного обеспечения
• Подбор и сборка оборудования
• Участие в пусконаладке разработанных систем
• Разработка верхнеуровневой документации
• Проведение внутренних презентаций/обучения разработанных систем
Требования:
• 
Работа с ОС семейства Unix/Windows
• 
Опыт работы и администрирования серверного оборудования
• 
Опыт работы с embedded системами и одноплатными компьютерами
• 
Опыт сборки различных устройств и их компонентов
• 
Опыт написания скриптов (bash / python / Perl …)
• 
Знакомство с принципами работы БД (sql, nosql) и основами языка sql и понимание его семантики
• 
Опыт владения системами контейнеризации (Docker, Docker compose) и виртуализации
• 
Понимание принципов разработки ПО, архитектуры ПО и сетей, методик и видов тестирования ПО и оборудования
• 
Опыт в тестировании ПО и оборудования 
• 
Опыт в диагностике и устранении ошибок в работе компьютерного оборудования (как в части ПО, так и в “железной” части)
• 
Опыт работы с системами контроля версий GitHub / git lab / bit bucket 
• 
Владение английском языком (минимум: понимание документации, возможность проводить презентации по заранее изученному тексту)
• 
Готовность работы в стартапах внутри компании
• 
Опыт работы и написания технической документации, функциональных требований, ведение инвентаризационных документов отдела, методик приемно-сдаточных работ
• 
Готовность к командировкам
• 
Инициативность
• 
Коммуникабельность
• 
Аналитический склад ума
• 
Будет плюсом умение работы с 3D моделями для печати на 3D принтере
Условия:
• 
работа в стабильной компании, работающей по международным стандартам;
• 
оформление согласно ТК РФ (ежегодный оплачиваемый отпуск, оплачиваемый больничный лист);
• 
пятидневная рабочая неделя, работа в офисе, строго не удаленно;
• 
работа в молодом, дружном коллективе;
• 
уютный, комфортный офис в 7 минутах от м. Динамо.",https://www.superjob.ru/
